,filename,words
0,0.jpg,5Hвkг
1,1.jpg,ӢWвйДfsЯћ
2,2.jpg, ?;ГoJю'/ФЩЁ
3,3.jpg,}n&0oZаҚКZUBрѓ}cEnмS
4,4.jpg,Ш)ҚLЯ
5,5.jpg,G@d[Ї1лфЄfэҲгҶЩ
6,6.jpg,kеоүeӣ'фFPТ6ЌsИвће
7,7.jpg,*kРt<R'ӀёiX-Іp*
8,8.jpg,џPоJҚrJӨіWҮFџєүҮoуЗ
9,9.jpg,ЯyxZККВп>;Ц)(тK+шC
10,10.jpg,я.ЧЕќy.фtЦgvIӨuХGӮ
11,11.jpg,mЭЫXӮЦpћыѓ#i
12,12.jpg,U
13,13.jpg,пО
14,14.jpg,]ypx<Үј!`ЪdDgЙQзвВї
15,15.jpg,чтЕЃЙОүҶ@Ғ|YzЫ52C
16,16.jpg,@Eзг#ЙөS
17,17.jpg,'@o<ў
18,18.jpg,юЗ7ЄђНбӮєк+$мӯ=Д
19,19.jpg,Ӏ]щ<ммЪ0ЕoњҶ
20,20.jpg,њ<ЏйИзрЎRЊӣ
21,21.jpg,bђґИщ4қғӮNЗ]ЏZ2rъ
22,22.jpg,ВЊ.еь0ҒЮП]Z_Ч/Pdц
23,23.jpg,]иБӮ'ӯ
24,24.jpg,Yүxӏ
25,25.jpg,3ҚҮCGzЮmІaО₽
26,26.jpg,5ЏЏ+Ӣт=9А9қ
27,27.jpg,.Ё
28,28.jpg,Ӣp
29,29.jpg,Ѓ-ъ%DЈ
30,30.jpg,:
31,31.jpg,ЃАMg?ГіЙ
32,32.jpg,Қrэ-Џи~vЌМҶ+УЈBғ~ѓ
33,33.jpg,ЩTЧf(КMО+nѓYЫ№JY
34,34.jpg,t
35,35.jpg,VоП.₽Nt`(e'эuџ€БИқў;
36,36.jpg,ӮгZBд2s5Ї|Вae
37,37.jpg,ДќуBЋ!о-Kb<%Ј-2т
38,38.jpg,₽ћҷ_k
39,39.jpg,я₽щ/ъӣE7
40,40.jpg,іҮкө
41,41.jpg,аӀх]Щ3Ћ*.iђЛЊдД
42,42.jpg,xФG{qЙЪЌ₽ѓаэЎpтsъэФ
43,43.jpg,юz№BзUжЩtјхРпnү
44,44.jpg,R]iЎ=ЩoЫm
45,45.jpg,FЁсRСђ
46,46.jpg,=OHФЁXmҶ[4
47,47.jpg,Ӣн
48,48.jpg,Эӯp
49,49.jpg,<нќvЉҳqӨТ
50,50.jpg,љэѓКRЋъоүЬЫпҐXъНгxпi
51,51.jpg,pM€ЧРVWW
52,52.jpg,ўжzЁЪӀҶқҲэЋ
53,53.jpg,%eњsHдЙӀM59кӏоWrSщ[
54,54.jpg,њя-јтУ€yЧwҳј~RАіифв
55,55.jpg,}эүZУ5НЌ~Р
56,56.jpg,vРL/$ӨщГғМmЋнR
57,57.jpg,LL7Fб#X]еJпУф+ө|Рх'
58,58.jpg,2Јҳ2
59,59.jpg,ВrзҚ8}жЯЭЋ
60,60.jpg,ЪӢ9`Gnmға
61,61.jpg,bӣ
62,62.jpg,ЈjЫ
63,63.jpg,pЂЧ-mXҒЮЇЇЃ&н
64,64.jpg,C)€_
65,65.jpg,O<ӨҐ!U5S
66,66.jpg,Й€k5ЦеЖUЩ
67,67.jpg,tжеmmRЧ
68,68.jpg,€ЪЮTЙ№ЎVZҶІ2ЁlЄ
69,69.jpg,*_чpӯЂeІ/pdъМЖюІ+]вк
70,70.jpg,DЖУT{fЉfm
71,71.jpg,ћЎҳaзЪ)ҶТNoН;
72,72.jpg,ӣ
73,73.jpg,йђ
74,74.jpg,nМӀрҲЯЁPФ}єґЄы
75,75.jpg,Хpғ%ЏsжЯќ`
76,76.jpg,gЉЦVү#ӣЉ:қGоaДҷ
77,77.jpg,ЎИbҶяWfC`_Ў
78,78.jpg,оґБ
79,79.jpg,t2Ӯ~<кІ_sщіv+NлКtч
